title,creator,date,description,coverage,subject,latitude,longitude,type,format,donor,object-id
Typical Logging Chute,,1915-01-01,"Typical log chute with tread for horses used in trailing, near Big Creek in the St. Joe River area. Courtesy of St. Maries Gazette-Record.","East Fork Big Creek, Latah County, Idaho, United States",chutes; log (wood);,46.9906,-116.7001,Image;StillImage,image/jpg,,4
White Pine Sale,,1940-01-01,"White pine Log Decks, Potlatch Forests Incorporated Sale Homestead Creek. Neil Fullerton with scale stick on deck of white pine logs, St. Joe National Forest. Taken in July. This sale was strictly a White Pine Sale except for a few choice Spruce and Larch which were taken from the road right away. Courtesy Neil Fullerton.","Baby Grand Mountain, Latah County, Idaho, United States",portraits; log (wood); sales events;  white pine (wood);,47.0041,-116.5056,Image;StillImage,image/jpg,,14
Clarence Charles Strong,Charles Sowder,1969-01-01,"Portrait of Strong, who was one of the authors of the book 'White Pine: King of Many Waters'.","Kootenai County, Idaho, United States",portraits;,47.6746,-116.7,Image;StillImage,image/jpg,,40
Clyde Stephen Webb,,1954-01-01,"Portrait of Webb, who was one of the authors of the book 'White Pine: King of Many Waters'.","Kootenai County, Idaho, United States",portraits;,47.6746,-116.7,Image;StillImage,image/jpg,,41
Logs Towed Down St. Maries River,Neil Fullerton,1942-06-06,Brailed booms of logs being towed along narrow St. Maries River channel.,"Stickney Gulch, Benewah County, Idaho, United States",log (wood); rivers;,47.2554,-116.6053,Image;StillImage,image/jpg,,43
Tugboat 'Coeur d'Alene',,1941-05-08,Tugboat towing logs on St. Joe River.,"Stickney Gulch, Benewah County, Idaho, United States",log (wood); rivers; tugboats;,47.2594,-116.6044,Image;StillImage,image/jpg,,44
Tugboat 'Hercules',Neil Fullerton,1942-06-06,"Tugboat 'Hercules' towing several brails of logs on St. Maries River. Picture taken from the old bridge, new bridge in background.","Saint Maries River, Benewah County, Idaho, United States",tugboats; rivers; log (wood); bridges (built works); houseboats;,47.3168,-116.5548,Image;StillImage,image/jpg,,46
Tugboat 'Hercules',Neil Fullerton,1942-06-06,Tugboat 'Hercules' (a Lafferty Company tugboat) and it's driver towing a brail of logs on the St. Maries River. Note the new bridge in the background.,"Stickney Gulch, Benewah County, Idaho, United States",tugboats; rivers; log (wood); bridges (built works); shipmasters;,47.2594,-116.6044,Image;StillImage,image/jpg,,47
Tugboat 'Hercules',Neil Fullerton,1942-06-06,Tugboat 'Hercules' towing  several brails of logs on the St. Maries River. Note the new bridge in the background.,"Saint Maries River, Benewah County, Idaho, United States",tugboats; rivers; log (wood); bridges (built works);,47.3168,-116.5548,Image;StillImage,image/jpg,,48
Corliss Steam Engine Sign,Neil Fullerton,1967-04-15,"Corliss Steam Engine sign in Newport, Washington. Sign reads as follows: 'Corliss Steam Engine 'The Big Wheel'. Engine Data- 478 Horsepower, 22 inch cylinder-42 inch stroke, 120 pounds P.S.I. steam pressure, 63,000 pounds in weight. Wheel data- 16 feet in diameter, 100 R.P.M., 42 inch face, 20,000 pounds in weight. The Big Wheel was manufactured by Aliss Chalmers in 1909 and moved to Newport by the Fidelity Lumber Company. It was in continuous service for 55 years, cutting over 1 billion board feet of lumber. In 1964 the engine was donated to the Newport JC's by the Diamond National Corporation to preserve a part of a passing era. The Newport JC's then moved and erected the engine at this site. It was dedicated by Governor Daniel J. Evans June 14, 1965 and presented to the city of Newport.'","Newport, Pend Oreille County, Washington, United States",information signs;,48.1819,-117.0354,Image;StillImage,image/jpg,,49
One Legged Lumberjack,I.V. Anderson,1927-01-01,"A lumberjack named Callahan, who worked for Ohio Match Company, standing in a log chute. The photo was taken at Burnt Cabin Creek in the Coeur d'Alene National Forest. The man's name was mentioned in a letter from Strong to Webb on May 4th 1970.","Burnt Cabin Mine, Kootenai County, Idaho, United States",lumbermen; handicapped;  chutes;,47.7668,-116.5806,Image;StillImage,image/jpg,,50
Champion Women Sawyers,New York Daily Mirror,1934-01-01,"Champion sawyers Ruth Turcotte (left) & June DeGraff (right) sawing a dead elm tree in Central Park, New York. Newspaper clipping. Courtesy Ruth Hoerschgen Turcotte, Rose Lake, Idaho.","Central Park, New York County, New York, United States",lumbermen; women; Ulmus (genus); winners; clippings (information artifacts);,40.783,-73.9651,Image;StillImage,image/jpg,,51
Milwaukee Lumber Company Log Train and Crew,,1913-01-01,"East Fork St. Joe-Big Creek drainage. Courtesy of the Superior Publishing Company in Seattle, Washington.","East Fork Big Creek, Latah County, Idaho, United States",railroad (infrastructure); steam locomotives; flatcars; log (wood); group portraits; blue collar workers;,46.9906,-116.7001,Image;StillImage,image/jpg,,52
Corliss Steam Engine and Sign,Neil Fullerton,1967-04-15,"Corliss Steam Engine sign and 'The Big Wheel' in Newport, Washington.","Newport, Pend Oreille County, Washington, United States",information signs; steam engines (engines);,48.1819,-117.0354,Image;StillImage,image/jpg,,53
Champion Women Sawyers,,1934-01-01,"Ruth Turcotte (left) with saw and June DeGraff (right) with axe, in Rose Lake, Idaho. A crowd of spectators are in the background. Courtesy of Ruth Hoerschger Turcotte.","Rose Lake, Kootenai County, Idaho, United States",group portraits; contests; winners; lumbermen; women;,47.532,-116.4728,Image;StillImage,image/jpg,,54
Loading Railway Cars,Neil Fullerton,1923-01-01,"Two men using an 'A' frame to load railway cars, near Prichard, Idaho.","Prichard, Shoshone County, Idaho, United States",railroad (infrastructure); flatcars; freight cars; log (wood); arch;,47.6563,-115.9768,Image;StillImage,image/jpg,,55
Fort Coeur d'Alene,,1884-01-01,A view of Fort Coeur d'Alene (later Fort Sherman) and the mouth of the Coeur D'Alene River.,"North Idaho College, Kootenai County, Idaho, United States",fort; snow; winter;,47.6875,-116.796,Image;StillImage,image/jpg,,57
Lake Steamers Sign,Neil Fullerton,1967-04-17,"Lake Steamers historical marker. On Highway 10, east of Coeur d'Alene, Idaho. Sign reads as follows: ' Lake Steamers. Built by the Army in 1880 to carry hay and supplies for Fort Coeur d'Alene, the 'Amelia Wheaton' was the first of a long list of steamers on this lake. Commercial steam boating began in 1884 with the mining rush. In later years, fleets of tall-funneled boats hauled freight, towed logs, and carried passengers and excursionists. Steamers served the lake and river communities until highways changed the transportation pattern.'","Silver Beach, Kootenai County, Idaho, United States",information signs;,47.648,-116.7358,Image;StillImage,image/jpg,,59
Incline Railroad,R.N. Cunningham,1923-01-01,"Edward Rutledge Timber Company incline railroad along Marble Creek, near St. Joe National Forest. Photo is credited to the U.S.D.A. Forest Service.","Duplex Creek, Shoshone County, Idaho, United States",railroad (infrastructure);  forests (plant communities);,47.0915,-116.0068,Image;StillImage,image/jpg,,60
Tugboat Towing Logs,Neil Fullerton,1942-06-06,Tugboat pulling logs from St. Maries River into St. Joe River.,"Saint Maries River, Benewah County, Idaho, United States",tugboats; rivers; log (wood); houseboats;,47.3165,-116.5556,Image;StillImage,image/jpg,,61
Fresh Burn Near Slate Creek,,1930-01-01,"Fresh burn in the Slate Creek area, near the Little North Fork of the St. Joe River. The same area had also burned in the 1910 fire and was salvage logged. Courtesy of W. G. Guernsey.","Slate Creek, Latah County, Idaho, United States",forests (plant communities); fires (events);,46.999,-116.5371,Image;StillImage,image/jpg,,62
Log Jam,Neil Fullerton,1938-04-18,"Log jam above drawbridge along Milwaukee Railroad tracks, St. Maries, Idaho.","Saint Maries River, Benewah County, Idaho, United States",log (wood); floods (natural events); railroad (infrastructure);,47.3167,-116.5549,Image;StillImage,image/jpg,,63
Log Jam,Neil Fullerton,1938-04-18,"Log jam above drawbridge, St. Maries, Idaho.","Saint Maries River, Benewah County, Idaho, United States",log (wood); floods (natural events; railroad (infrastructure); rivers;,47.3167,-116.5549,Image;StillImage,image/jpg,,64
Fire Damaged Lumber Yard,Neil Fullerton,1940-09-02,Rogers Lumber Company Yard at St. Maries after a plant fire. Note heat buckled rails.,"Saint Maries, Benewah County, Idaho, United States",lumberyards (stores); fires (events); railroads (infrastructure);,47.3142,-116.5634,Image;StillImage,image/jpg,,65
December Flood,,1933-01-01,"Flood in St. Maries, Idaho. Taken in December.","Saint Maries, Benewah County, Idaho, United States",floods (natural events); rivers;,47.3142,-116.5634,Image;StillImage,image/jpg,,66
"Flood in St. Maries, Idaho.",,1933-01-01,"A view of Milwaukee Lumber Company during flood, St. Maries, Idaho. Taken in December.","Saint Maries, Benewah County, Idaho, United States",lumberyards (stores); floods (natural events);,47.3142,-116.5634,Image;StillImage,image/jpg,,68
Logging Camp,,1924-01-01,"Rose Lake Lumber Company, Falls Creek Camp. According to Dick Reed this was a typical camp of that time: capacity about 40 men, double deck single bunks, five bunkhouses, wash house, office, _ shack, kitchen and mess house, barn blacksmith shop, barn wood shack, and filers shack. Courtesy of Tom Reed, Coeur d'Alene.","Falls Creek, Shoshone County, Idaho, United States",lumber camps;,47.7461,-116.0209,Image;StillImage,image/jpg,,69
Typical Logging Chute,,1915-01-01,"Typical log chute with tread for horses used in trailing, near Big Creek in the St. Joe River area. Courtesy of St. Maries Gazette-Record.","East Fork Big Creek, Latah County, Idaho, United States",chutes; log (wood);,46.9906,-116.7001,Image;StillImage,image/jpg,,70
Horses Trailing Logs in Chute,I.V. Anderson,1928-06-23,Horses trailing logs in chute. Emerald Creek. Creek Camp #2.Credit to U.S.D.A. Forest Service.,"East Fork Emerald Creek, Benewah County, Idaho, United States",chutes; log (wood); draft horses;,47.0245,-116.329,Image;StillImage,image/jpg,,71
Diamond Match Company Chute and Flume,,1928-01-01,Diamond Match Company chute and flume. Big Creek. Kaniksu National Forest.,"Fall Creek, Bonner County, Idaho, United States",chutes; flumes; forests (plant community);,48.3359,-116.1668,Image;StillImage,image/jpg,,72
Team of Draft Horses,Trux' Truskowsky,1944-01-01,"Team of Percherons skidding corral poles driven by Kenneth Smith at the Tree Farm, Hayden Lake, Idaho.","Lake Hayden, Kootenai County, Idaho, United States",draft horses; log (wood); forests (plant communities);,47.7689,-116.7149,Image;StillImage,image/jpg,,73
Horses Hauling by Flatboat,,1923-01-01,John Connors hauling logging supplies to the Winton Lumber Company convoys by flatboat and team on Coeur d'Alene River. Courtesy Mrs. Miles Robbins.,"Devils Elbow Background, Shoshone County, Idaho, United States",rivers; draft horses; boats;,47.7613,-116.0348,Image;StillImage,image/jpg,,74
Horses Hauling by Flatboat,C.K. McHarg,1923-07-16,"Hauling logging supplies by flatboat and team up the North Fork of the Coeur d'Alene River, half mile above Prichard, Idaho. All logging supplies, including camp equipment and machinery, are being transported in this way. Logging railroad being constructed will replace this method.","Prichard Creek, Shoshone County, Idaho, United States",rivers; draft horses; boats;,47.6603,-115.9691,Image;StillImage,image/jpg,,75
Tugboat Fleet,Kyle Walker Donated by the Coeur d'Alene Chamber of Commerce,1955-01-01,Lafferty Transportation Company diesel tugboats on Lake Coeur d'Alene.,"Black Bay, Kootenai County, Idaho, United States",tugboats; lakes (bodies of water); fleets;,47.5244,-116.8024,Image;StillImage,image/jpg,,76
Oxen and Logging Crew,,1907-01-01,"Joseph Brown (with lead team of oxen) and his logging crew at Old Sanders, Benewah County, Idaho. Courtesy of Mrs. Day of Sanders, Idaho and Mrs. St. George of Fernwood, Idaho; daughters of Joseph Brown. According to Mrs. St. George the crew includes, with oxen left to right: Joe Brown and Nick Smith; in back left to right: John Jordan, Luther Laws, Charlie Gregg, Cyrus Magers, Mr. Nichols, and Sanford (Sandy) Brown.","Sanders, Benewah County, Idaho, United States",group portraits; log (wood); oxen;,47.107,-116.7965,Image;StillImage,image/jpg,,77
White Pine Stand,Sidney Streator,1927-01-01,"Stand of white pine timber near Cascade Creek, Coeur d'Alene National Forest. Operation of Winton Lumber Company, Gibbs, Idaho.","Cascade Creek, Kootenai County, Idaho, United States",white pine (wood); forest plant communities);,47.7769,-116.478,Image;StillImage,image/jpg,,78
White Pine Sale,,1940-01-01,"White pine Log Decks, Potlatch Forests Incorporated Sale Homestead Creek. Neil Fullerton with scale stick on deck of white pine logs, St. Joe National Forest. Taken in July. This sale was strictly a White Pine Sale except for a few choice Spruce and Larch which were taken from the road right away. Courtesy Neil Fullerton.","Baby Grand Mountain, Latah County, Idaho, United States",portraits; log (wood); sales events;  white pine (wood);,47.0041,-116.5056,Image;StillImage,image/jpg,,79
Logs Exiting the Log Chute,Charles K. McHarg,1929-07-08,"Log hits the pond from the Delaney Creek chute, Little North Fork Coeur d'Alene river. Winton Lumber Company operations. Credit to U.S.D.A. Forest Service.","Delaney Creek, Kootenai County, Idaho, United States",flowage; log (wood); chutes; ponds (water);,47.744,-116.4291,Image;StillImage,image/jpg,,80
Logs Exiting the Log Chute,C.H. Gregary,1920-01-01,"Milwaukee Lumber Company log chute, St. Joe National Forest. A man looks on as fire damaged logs are chuted to the log pond. Credit to U.S.D.A. Forest Service.","Rochat Creek, Benewah County, Idaho, United States",salvage logging; log (wood); flowage; chutes; ponds (water);,47.3288,-116.4556,Image;StillImage,image/jpg,,81
Chute meets Flume,,1925-01-01,Winston Lumber Company Falls Creek Chute and Flume. According to Dick Reed this was a running chute most of the time  but a man and horse were kept near the junction in case the logs stopped before they got to the flume. Generally the logs entered the flume of their own momentum. Note the tow path to the left of the junction. The white spot is a plume of water thrown up when the log from the chute plunged into the water in the flume. You can also see another log in the chute about ready to hit the flume. Courtesy Tom Reed.,"Falls Creek, Shoshone County, Idaho, United States",chutes; log (wood); flumes;,47.7461,-116.0209,Image;StillImage,image/jpg,,82
Holt Tractor Loaded with Logs,,1913-01-01,"Tractor ready to pull a load of logs to the river, Ray Rauch operation near Newport, Washington. Holt Caterpillar '60' Tractor pulling  'bummer', two wagons and three trailers loaded with a total 22,270 board feet of logs. Ray Rauch is the man wearing a vest. Courtesy Lester M. Tarbet.","Newport, Pend Oreille County, Washington, United States",logs (wood); crawler tractors; group portraits; draft horses;,48.1819,-117.0354,Image;StillImage,image/jpg,,83
Sleigh Loaded with Logs,,1911-01-01,"Sleigh load of logs drawn by horses. Ray Rauch operation near Newport, Washington. Load is a total of 12,400 board feet log measure) Men are left to right: Walt Cooley, Sean Cooley, Seifers Golt, and Ray R. Rauch. The haul was 6 miles and was run twice a day. It cost $2.75 per mile to mill. Courtesy Lester M. Tarbet.","Newport, Pend Oreille County, Washington, United States",logs (wood); draft horses; snow; winter; group portraits; sleighs;,48.1819,-117.0354,Image;StillImage,image/jpg,,84
Flume Crew Separating Logs,,1925-01-01,"Crew separating logs at the Rose Lake Lumber Company flume, Falls Creek. Courtesy of Tom Reed.","Falls Creek, Shoshone County, Idaho, United States",flumes; log (wood); blue collar workers;,47.7461,-116.0209,Image;StillImage,image/jpg,,85
Pack String,,1925-01-01,"Kirtly & Stone mule pack string loaded with hay, 20 miles NE of Prichard, Idaho. The pack train is headed to Rose Lake. According to Dick Reed this was either the Falls Creek camp 2 or 3 of the Winton Lumber Company. Men are left to right: Bobby Sears, Bob Conners (packer in the 10 gallon hat), and an unidentified man.","Falls Creek, Shoshone County, Idaho, United States",mules (mammals); hay;,47.7461,-116.0209,Image;StillImage,image/jpg,,86
Marianne Hensley,,1925-01-01,"Marianne Hensley, Spirit Lake, helping on logging operations which she does regularly with her husband. Courtesy of Mrs. Hensley.","Spirit Lake, Kootenai County, Idaho, United States",lumbermen; women; log (wood); draft horses;,47.9671,-116.8739,Image;StillImage,image/jpg,,87
Falls Creek Flume,,1925-01-01,Flume on Falls Creek.,"Falls Creek, Shoshone County, Idaho, United States",flumes;,47.7461,-116.0209,Image;StillImage,image/jpg,,88
Chute meets Flume,,1939-09-22,Neil Fullerton standing next to the Mica Creek trailing chute. This is where the chute landing met the Mica Creek trailing flume. Beginning of flume in background. St. Joe National Forest. Courtesy of Neil Fullerton.,"Mica Creek, Shoshone County, Idaho, United States",portraits; flumes; chutes; log (wood);,47.2686,-116.1363,Image;StillImage,image/jpg,,90
Brickle Creek Flume,,1925-01-01,"Logs stacked on log deck and Brickle Creek flume of the Panhandle Lumber Company. Brickle Creek is west of Spirit Lake. Courtesy of Mrs. Richard E. Ferrell (widow of the noted North Idaho lumberjack preacher) Spokane, Washington.","Brickel Creek, Spokane County, Washington, United States",flumes; log (wood);,47.9285,-116.9887,Image;StillImage,image/jpg,,91
Mica Creek Trailing Chute,,1939-09-22,Neil Fulleron at the Mica Creek Trailing Chute. This is where the chute landing met up with the Mica Creek Flume. Beginning of Flume can be seen in the background. Saint Joe National Forest.,"Mica Creek, Shoshone County, Idaho, United States",portraits; flumes; chutes; log (wood);,47.2686,-116.1363,Image;StillImage,image/jpg,,92
Brickle Creek Flume,,1924-01-01,"Brickle Creek flume in operation, Panhandle Lumber Company. West of Spirit Lake, Idaho. This photo is from an old post card. Courtesy of Mrs. Richard E. Ferrell, Spokane, Washington.","Brickel Creek, Spokane County, Washington, United States",flumes; log (wood);,47.9285,-116.9887,Image;StillImage,image/jpg,,93
Fred Herrick Flume,Clarence C. Strong,1966-01-01,Milwaukee Lumber Co. flume on Benewah Creek 50 years after construction (built in 1916).,"Benewah Creek, Benewah County, Idaho, United States",flumes; portraits;,47.2505,-116.7644,Image;StillImage,image/jpg,,94
Skookum Creek Flume,K.D. Swan,1924-01-01,"From chute and rollway to flume, Winton Lumber Company on Skookum Creek. Credit to the U.S.D.A. Forest Service.","Skookum Creek, Kootenai County, Idaho, United States",flumes; log (wood); blue collar workers;,47.7408,-116.4745,Image;StillImage,image/jpg,,95
Leiberg Creek Flume,W.C. Lowdermilk,1920-07-01,"Rolling logs into Leiberg Creek flume, Little North Fork Coeur d'Alene River, Coeur d'Alene National Forest. Credit to the U.S.D.A. Forest Service.","Leiberg Creek, Kootenai County, Idaho, United States",flumes; log (wood); blue collar workers;,47.715,-116.3825,Image;StillImage,image/jpg,,96
Log Drive,Philip Neff,1921-07-18,Log drive on Coeur d'Alene River. Drivers working on a center. Photo credit to the U.S.D.A. Forest Service.,"North Fork Coeur d'Alene River, Shoshone County, Idaho, United States",log (wood); blue collar workers; rivers;,47.5645,-116.3138,Image;StillImage,image/jpg,,97
"Sanders, Idaho",,1905-01-01,"A view of the town of Sanders, Idaho. Courtesy of Mrs. Day of New Sanders, Idaho.","Sanders, Benewah County, Idaho, United States",towns;,47.1066,-116.796,Image;StillImage,image/jpg,,98
Driving Cranberry and Marble Creeks,Charles K. McHarg,1923-06-18,"Logs at the junction of Cranberry Creek and Marble Creek, St. Joe National Forest. Credit U.S.D.A. Forest Service.","Cranberry Creek, Shoshone County, Idaho, United States",log (wood); rivers;,47.1292,-116.1012,Image;StillImage,image/jpg,,99
Tugboat 'Coeur d'Alene',Neil Fullerton,1941-05-08,Tugboat towing logs on St. Joe River above St. Maries towards Coeur d'Alene.,"Cottonwood Point, Benewah County, Idaho, United States",log (wood); rivers; tugboats;,47.3317,-116.6177,Image;StillImage,image/jpg,,100
Sleigh Loaded with Logs,,1905-01-01,"Joe Brown logging operation at Sanders, Idaho. Team of horses pulling a 'go-devil' or a sled. Courtesy of Mrs. Day of Sanders, ID.","Sanders, Benewah County, Idaho, United States",sleds; draft horses; group portraits; log (wood); snow; winter;,47.1066,-116.796,Image;StillImage,image/jpg,,101
Sleigh Loaded with Logs,,1905-01-01,"Joe Brown logging operation at Sanders, Idaho. Woman and children on sleigh load of logs, left to right: Mrs. Joe Brown, Esther Brown, and Roy Brown. (ALS Esther St. George to Clarence C. Strong on 8/15/1968.) Courtesy of his daughter (presumably Esther St. George), Sanders, Idaho.","Sanders, Benewah County, Idaho, United States",sleds; draft horses; group portraits; log (wood); snow; winter; children;,47.1066,-116.796,Image;StillImage,image/jpg,,102
Sleigh Loaded with Logs,,1905-01-01,"Sleigh load of logs. Joe Brown logging operation at Sanders, Idaho. Two visible men are left to right: Joe Brown and John Jordan. Child is Roy Brown. (ALS Esther St. George to Clarence C. Strong on 8-15-68.)","Sanders, Benewah County, Idaho, United States",sleds; draft horses; group portraits; log (wood); snow; winter; children; lumbermen;,47.1066,-116.796,Image;StillImage,image/jpg,,103
Logs Stored Along St. Joe.,Paul M. Elder,1908-01-01,Logs stored in slough along St. Joe River.,"Rochat Creek, Benewah County, Idaho, United States",log (wood); rivers; sloughs;,47.3304,-116.4425,Image;StillImage,image/jpg,,104
Loaded Logging Truck,Sidney Streator,1935-01-01,"Logging truck loaded with white pine and crew. Winton Lumber Company, Gibbs, Idaho. Courtesy of Northern Idaho Junior College.","Gibbs, Kootenai County, Idaho, United States",log (wood); group portraits; trucks; blue collar workers;,47.69,-116.8025,Image;StillImage,image/jpg,,105
Al B. Lafferty,Kyle Walker,1955-01-01,"Al B. Lafferty, longtime owner and manager of Lafferty Transportation Company.","Kootenai County, Idaho, United States",portraits; offices (work spaces); directors (administrators);,47.6746,-116.7,Image;StillImage,image/jpg,,106
Hand Logged Forest,Philip Neff,1921-07-18,"Hand logging operation of the Hedlund Lumber Company, Big Grizzly Creek, Coeur d'Alene National Forest. Photo credit to the U.S.D.A. Forest Service.","Boundary Creek, Shoshone County, Idaho, United States",forests (plant communities); log (wood); logging;,47.8037,-116.3296,Image;StillImage,image/jpg,,107
Sleigh Loaded with Logs,A. B. Curtis,1932-01-01,"Sleigh load of logs pulled by tractor or 'cat'. Clearwater Timber Company, Headquarters, Idaho.","Headquarters, Clearwater County, Idaho, United States",log (wood); sleighs; snow; winter;,46.6418,-115.811,Image;StillImage,image/jpg,,108
Horse Skidding Logs,W. E. Steuerwald,1950-01-01,"Horse skidding logs on Stony Creek, Kaniksu National Forest. Taken in August. Photo Credit to the U.S. Forest Service.","Stony Creek, Shoshone County, Idaho, United States",logging; log (wood); draft horses; blue collar workers; lumbermen;,47.875,-116.1062,Image;StillImage,image/jpg,,109
Ohio Match Company Log Train,Charles K. McHarg,1930-01-01,The log train is being pulled by a Heisler locomotive on a section of the Burnt Cabin Creek Railway. Photo is credited to the U.S.D.A. Forest Service.,"Burnt Cabin Mine, Kootenai County, Idaho, United States",railroad (infrastructure); steam locomotives; flatcars; log (wood); snow;,47.7688,-116.5778,Image;StillImage,image/jpg,,111
Steamboat 'Georgie Oakes',,1910-01-01,"Steamboat 'Georgie Oakes' and crew. Refueling near Harrison, Idaho. Presented by 'Trux' Truskowsky.","Harrison, Kootenai County, Idaho, United States",rivers; group portraits; steamboats;,47.4545,-116.7856,Image;StillImage,image/jpg,,112
White Pine Stand,Sidney Streator,1927-01-01,"Stand of white pine timber near Cascade Creek, Coeur d'Alene National Forest. Operation of Winton Lumber Company, Gibbs, Idaho.","Cascade Creek, Kootenai County, Idaho, United States",white pine (wood); forest plant communities);,47.7769,-116.478,Image;StillImage,image/jpg,,113
Jackson Lumber Harvester,Idaho State Forestry Division,1948-01-01,"Jackson lumber harvester in Boundary County, Idaho.","Bald Eagle Mountain, Boundary County, Idaho, United States",logging; log (wood); blue collar workers; lumbermen;,48.5151,-116.2674,Image;StillImage,image/jpg,,117
Grant Lumber Company Lumberyard,,1892-01-01,"Grant Lumber Company, St. Maries, Idaho (misidentified as C.W. Russell Sawmill in White Pine King of Many Waters). View of the lumber yard and its employees. From Souvenir of St. Maries by Straffin and Day (1911).","Saint Maries, Benewah County, Idaho, United States",lumberyard (stores); blue collar workers; draft horses;,47.3144,-116.563,Image;StillImage,image/jpg,,118
Ohio Match Company Sawmill,K.D. Swan,1928-01-01,"Ohio Match Company sawmill, Huetter, Idaho. Credit to the U.S.D.A. Forest Service.","Huetter, Kootenai County, Idaho, United States",ponds (water); sawmills; lumberyard (stores);,47.7033,-116.8503,Image;StillImage,image/jpg,,119
Athol Lumber Company,,1911-01-01,"Athol Lumber Company mill, Athol, Idaho. From a postcard.","Athol, Kootenai County, Idaho, United States",sawmills; lumberyards (stores);,47.948,-116.7072,Image;StillImage,image/jpg,,120
Idaho Lumber and Manufacturing Company Sawmill,,1900-01-01,"Idaho Lumber and Manufacturing Company sawmill, Post Falls, Idaho. Courtesy Curtis Whitaker, Post Falls, Idaho.","Post Falls, Kootenai County, Idaho, United States",ponds (water); sawmills;,47.7174,-116.951,Image;StillImage,image/jpg,,121
Cameron Lumber Company Sawmill,,1901-01-01,"Cameron Lumber Company plant and employees at Harrison, Idaho. Courtesy Bert Russell, Harrison, Idaho.","Harrison, Kootenai County, Idaho, United States",ponds (water); sawmills; lumberyard (stores); railroad (infrastructure); freight cars;,47.4544,-116.784,Image;StillImage,image/jpg,,122
Loaded Logging Truck,K.D. Swan,1957-01-01,"Truck load of logs, Kaniksu National Forest. Taken in August. U.S. Forest Service photo.","Fall Creek, Bonner County, Idaho, United States",trucks; log (wood);,48.3392,-116.1665,Image;StillImage,image/jpg,,123
"Potlatch Forests Incorporated, Rutledge Unit",Clarence C. Strong,1968-01-01,"Rutledge Unit of Potlatch Forests, Incorporated, Coeur d'Alene, Idaho.","Coeur d'Alene, Kootenai County, Idaho, United States",sawmills; lumberyards (stores); expressway;,47.6776,-116.7925,Image;StillImage,image/jpg,,124
St. Maries Lumber Company Sawmill,Paul M. Elder,1952-01-01,"St. Maries Lumber Company sawmill. Current owner at this time was Lawrence Pugh though previous owners are also listed on the back of the photo: Mike Bogle, W.W. Kroll -1913 (son Charles), Fred Herrick -1920, and G.A. Rogers. Courtesy Paul M. Elder.","Saint Maries, Benewah County, Idaho, United States",sawmills; log (wood); rivers;,47.3143,-116.5617,Image;StillImage,image/jpg,,125
Boarding House and Sawmill,,1900-01-01,"Charles W. Russell boarding house & sawmill, Harrison, Idaho (misidentified as Grant Lumber Company Lumberyard in White Pine King of Many Waters). Courtesy of Bert Russell (grandson), Harrison, Idaho.","Harrison, Kootenai County, Idaho, United States",ponds (water); sawmills; lumberyard (stores); railroad (infrastructure); boardinghouses;,47.4544,-116.784,Image;StillImage,image/jpg,,126
B.R. Lewis Lumber Company Sawmill,Paul M. Elder,1908-01-01,"B.R. Lewis Lumber Company, Coeur d'Alene, Idaho.","Coeur d'Alene, Kootenai County, Idaho, United States",sawmills; log (wood); rivers; lumberyard (stores);,47.6776,-116.7925,Image;StillImage,image/jpg,,127
B.R. Lewis Lumber Company Photo Collage,Paul M. Elder,1908-01-01,B.R. Lewis Lumber Company - composite and arrangement of several pictures showing logging operations.,"Coeur d'Alene, Kootenai County, Idaho, United States",composite views; photographs; sawmills; log (wood);,47.6776,-116.7925,Image;StillImage,image/jpg,,128
B.R. Lewis Lumber Company Sawmill,Paul M. Elder,1908-01-01,"B.R. Lewis Lumber Company sawmill, Coeur d'Alene, Idaho.","Coeur d'Alene, Kootenai County, Idaho, United States",sawmills; log (wood); rivers;,47.6776,-116.7925,Image;StillImage,image/jpg,,129
Ohio Match Company Sawmill,Paul M. Elder,1946-01-01,"Ohio Match Company sawmill, Huetter, Idaho. (Now Diamond International)","Huetter, Kootenai County, Idaho, United States",sawmills; log (wood); rivers; lumberyard (stores); incinerators;,47.7035,-116.8505,Image;StillImage,image/jpg,,130
Coeur d'Alene Lumber Company Sawmill,Paul M. Elder,1909-01-01,Coeur d'Alene Lumber Company sawmill and employees.,"Coeur d'Alene, Kootenai County, Idaho, United States",lumberyards (stores); group portraits; blue collar workers;  draft horses; railroad (infrastructure); flatcars;,47.6776,-116.7925,Image;StillImage,image/jpg,,131
Coeur d'Alene Lumber Company Sawmill,,1905-01-01,Coeur d'Alene Lumber Company sawmill.,"Coeur d'Alene, Kootenai County, Idaho, United States",sawmills; lumberyards (stores); incinerators;,47.6776,-116.7925,Image;StillImage,image/jpg,,132
Post Falls Lumber Company Sawmill,Paul M. Elder,1946-01-01,"Post Falls Lumber Company sawmill, Post Falls, Idaho.","Post Falls, Kootenai County, Idaho, United States",sawmills; dams (hydraulic structures); cascades (water features);,47.7181,-116.9509,Image;StillImage,image/jpg,,133
Trailing by Steam Donkey,,1913-01-01,A steam donkey trailing logs in a chute. Logging fire damaged timber in St. Joe-Big Creek area on a Fred Herrick operation. Courtesy of the St. Maries Gazette-Record.,"East Fork Big Creek, Latah County, Idaho, United States",chutes; log (wood); steam turbines;,46.9906,-116.7001,Image;StillImage,image/jpg,,134
Frederick Post Water-Powered Sawmill,,1890-01-01,"Frederick Post's first water-powered sawmill and employees, Post Falls, Idaho. Courtesy Paul M. Elder.","Post Falls, Kootenai County, Idaho, United States",sawmills; dams (hydraulic structures); cascades (water features); group portraits; blue collar workers;,47.7181,-116.9509,Image;StillImage,image/jpg,,135
A.W. Post Sawmill and Log Pond,,1890-01-01,"A.W. Post mill and log pond, Rathdrum, Idaho. Group portrait on the edge of the log pond, sawmill in background. Courtesy of Mrs. John Post, Coeur d'Alene, Idaho.","Rathdrum, Kootenai County, Idaho, United States",group portraits; ponds (water); log (wood); draft horses; sawmills;,47.8124,-116.8956,Image;StillImage,image/jpg,,136
A.W. Post and Crew,,1890-01-01,"A.W. Post and crew in the Company yard and sawmill, Rathdrum, Idaho. A.W. Post in back 3rd from left. John W. Post in front 4th from left. Courtesy of Mrs. John Post, Coeur d'Alene, Idaho.","Rathdrum, Kootenai County, Idaho, United States",lumberyard (stores); blue collar workers; group portraits;,47.8124,-116.8956,Image;StillImage,image/jpg,,137
A.W. Post and Crew,,1890-01-01,"A.W. Post and crew in the interior of the sawmill, Rathdrum, Idaho. A.W. Post in back 4th from left and John W. Post in front first on the left. Courtesy of Mrs. John Post, Coeur d'Alene, Idaho.","Rathdrum, Kootenai County, Idaho, United States",sawmill; blue collar workers; group portraits;,47.8124,-116.8956,Image;StillImage,image/jpg,,138
"Potlatch Forests Incorporated, Rutledge Unit",Western Ways Incorporated,1966-06-30,"Aerial view of PFI's (Potlatch Forests Incorporated) Rutledge Unit yard, Coeur d'Alene, Idaho. Credit to Western Ways Incorporated. Roof of largest building reads: 'Coeur D'Alene'. Side of connected building reads: 'Safety everywhere all the time'. Courtesy of the Rutledge Unit.","Coeur d'Alene, Kootenai County, Idaho, United States",lumberyard (stores); log (wood); sawmills; lakes (bodies of water); expressways; railroad (infrastructure); aerial photographs; aerial views;,47.6776,-116.7925,Image;StillImage,image/jpg,,139
Fort Coeur d'Alene Sawmill,,1910-01-01,Army sawmill at Fort Coeur d'Alene (Later Fort Sherman). Credit to the Quartermaster General photo number 92-F-63-19 in the National Archives.,"North Idaho College, Kootenai County, Idaho, United States",sawmills; log (wood);,47.6875,-116.796,Image;StillImage,image/jpg,,140
St. Joe Lumber Company Sawmill,,1903-01-01,"St. Joe Lumber Company plant, Harrison, Idaho. Courtesy Bert Russell.","Harrison, Kootenai County, Idaho, United States",sawmills; lakes (bodies of water); railroad (infrastructure); freight cars; boxcars;,47.4544,-116.784,Image;StillImage,image/jpg,,141
Whip Sawing at Lake Bennett,E.A. Hagg,1890-01-01,Whipsaw mill in action in wintertime. Credit to the Idaho Historical Society,"Bennett Bay, Kootenai County, Idaho, United States",snow; winter; log (wood); pit saws; blue collar workers; lumbermen;,47.6417,-116.7194,Image;StillImage,image/jpg,,142
Frank J. Davies.,,1890-01-01,"Frank J. Davies, Secretary and First Manager of Edward Rutledge Timber Company at Coeur d'Alene. Courtesy of Potlatch Forests Incorporated.","Coeur d'Alene, Kootenai County, Idaho, United States",portraits; managers;,47.6776,-116.7925,Image;StillImage,image/jpg,,143
Richard E. (Dick) Ferrell.,,1935-01-01,Reverend 'Dick' Richard E. Ferrell. Lumberjack missionary of the Coeur d'Alenes. Dick was also formerly a blacksmith and prize fighter. Courtesy of Mrs. Richard E. Ferrell.,"Coeur d'Alene, Kootenai County, Idaho, United States",portraits; missionaries; lumbermen; pastors;,47.6776,-116.7925,Image;StillImage,image/jpg,,144
Bunker Hill Sawmill,,1910-01-01,Bunker Hill sawmill 1900 (from Bunker hill Company publication).,"Bunker Hill Tailings Number Two Dam, Shoshone County, Idaho United States",sawmills; clippings (information artifacts);,47.537,-116.1372,Image;StillImage,image/jpg,,145
Fred Herrick,,1910-01-01,"Fred Herrick 1854-1953. Owner of the Coeur d'Alene Mill Company (and the Red Collar Steamship Company) in Coeur d'Alene, Idaho, the Export Lumber Company in Harrison, Idaho, and the Milwaukee and St. Maries Lumber Companies in St. Maries, Idaho. Courtesy of his daughter Mrs. Helen Herrick Malsed Seattle, Washington.","Coeur d'Alene, Kootenai County, Idaho, United States",proprietors; portraits;,47.6776,-116.7925,Image;StillImage,image/jpg,,146
George Frederick Jewett Sr.,,1940-01-01,"George Frederick (Fritz) Jewett Sr. President of Potlatch Forests Incorporated. Courtesy of Potlatch Forests, Incorporated.","Kootenai County, Idaho, United States",portraits; directors (administrators);,47.6746,-116.7,Image;StillImage,image/jpg,,147
Walter S. Rosenberry,,1935-01-01,"Walter S. Rosenberry at his desk at the Winton Lumber Company of Coeur d'Alene in Gibbs, Idaho. He is the manager of Rose Lake Lumber Company, Winton-Rosenberry Lumber Company at St. Joe, and Winton Lumber Company at Gibbs. Courtesy of Robert (Bob) and Ralph Rosenberry.","Gibbs, Kootenai County, Idaho, United States",portraits; offices (work spaces); directors (administrators); proprietors;,47.69,-116.8025,Image;StillImage,image/jpg,,150
Tugboat Towing Logs,,1955-01-01,"Brails of logs being towed on Coeur d'Alene River near Dudley, Idaho. Taken in August.","Dudley, Kootenai County, Idaho, United States",tugboats; rivers; log (wood);,47.5419,-116.4234,Image;StillImage,image/jpg,,165
Tugboat Towing Logs,,1939-01-01,"Tugboat towing brails of logs on St. Joe River, St. Maries, Idaho. Taken in Spring. Note log driver walking on logs.","Saint Maries, Benewah County, Idaho, United States",tugboats; rivers; log (wood);,47.3144,-116.5624,Image;StillImage,image/jpg,,166
Winton Lumber Company Flume,,1925-01-01,"Rearing' a flume, Falls Creek. Feeder flume under construction on left. Credit Dick Reed.","Falls Creek, Shoshone County, Idaho, United States",log (wood); flumes; blue collar workers;,47.7461,-116.0209,Image;StillImage,image/jpg,,183
Winton Lumber Company Flume,,1925-01-01,Water flowing and logs being separated in the Falls Creek flume. Feeder flume under construction on left. Credit Dick Reed.,"Falls Creek, Shoshone County, Idaho, United States",log (wood); flumes; blue collar workers;,47.7461,-116.0209,Image;StillImage,image/jpg,,184
Tugboat Towing Logs,Neil Fullerton,1942-06-06,Tugboat pulling logs from St. Maries River into St. Joe River.,"Saint Maries River, Benewah County, Idaho, United States",tugboats; rivers; log (wood); houseboats;,47.3165,-116.5556,Image;StillImage,image/jpg,,191
Whip Sawing at Lake Bennett,E.A. Hagg,1890-01-01,Whipsaw mill in action in wintertime. Credit to the Idaho Historical Society,"Bennett Bay, Kootenai County, Idaho, United States",snow; winter; log (wood); pit saws; blue collar workers; lumbermen;,47.6417,-116.7194,Image;StillImage,image/jpg,,215
A.C. Morbeck.,,1930-01-01,"A.C. Morbeck, Owner, manager, and secretary of several lumber manufacturing plants in the Coeur d'Alenes. His career lasted from 1902-1940. Courtesy of his son Donald (Don) Morbeck, Coeur d'Alene, Idaho.","Coeur d'Alene, Kootenai County, Idaho, United States",portraits; proprietors; directors (administrators);,47.6776,-116.7925,Image;StillImage,image/jpg,,221
Frederick Post,,1900-01-01,Frederick Post the namesake of Post Falls and owner of a chain of sawmills in the area.,"Post Falls, Kootenai County, Idaho, United States",portraits; proprietors; pioneers;,47.7181,-116.9509,Image;StillImage,image/jpg,,222
Walter S. Rosenberry,,1935-01-01,"Walter S. Rosenberry at his desk at the Winton Lumber Company of Coeur d'Alene in Gibbs, Idaho. He is the manager of Rose Lake Lumber Company, Winton-Rosenberry Lumber Company at St. Joe, and Winton Lumber Company at Gibbs. Courtesy of Robert (Bob) and Ralph Rosenberry.","Gibbs, Kootenai County, Idaho, United States",portraits; offices (work spaces); directors (administrators); proprietors;,47.69,-116.8025,Image;StillImage,image/jpg,,223
Sawmill Proprietors and Friends,,1955-01-01,"The men are left to right: Emery Wilson, W alter B. Russell, Richard 'Dick' Ferrell, R.W. Edminster, Jim Evenden, Howard Drake, and A.B. Lafferty. Taken in April.","Kootenai County, Idaho, United States",group portraits; directors (administrators); proprietors; lumbermen; missionaries; pastors;,47.6746,-116.7,Image;StillImage,image/jpg,,225
Huntington Taylor,,1926-01-01,"Huntington Taylor, builder and manager of the Edward Rutledge Timber Company, Coeur d'Alene, Idaho, from 1916-1925. Courtesy of Potlatch Forests, Incorporated.","Coeur d'Alene, Kootenai County, Idaho, United States",portraits; directors (administrators);,47.6776,-116.7925,Image;StillImage,image/jpg,,226
C. Lee Billings,,1940-01-01,"C. Lee Billings, general manager of Potlatch Forests, Incorporated (from newspaper). He also previously worked for the Forest Service and the Edward Rutledge Timber Company. Courtesy of Potlatch Forests, Incorporated.","Kootenai County, Idaho, United States",portraits; directors (administrators); clippings (information artifacts);,47.6746,-116.7,Image;StillImage,image/jpg,,227
Edward Rutledge,,1900-01-01,"Edward Rutledge, Minnesota,  namesake and founder of the Edward Rutledge Timber Company Coeur d'Alene, Idaho. Courtesy of Potlatch Forest, Incorporated.","Coeur d'Alene, Kootenai County, Idaho, United States",portraits; founders (originators);,47.6776,-116.7925,Image;StillImage,image/jpg,,228
Perl Bailey,,1963-01-01,"Arthur Perl Bailey (from Match Tips, August 1963 Article by Ed Rosenlund).","Kootenai County, Idaho, United States",portraits; clippings (information artifacts);,47.6746,-116.7,Image;StillImage,image/jpg,,229
Marking Hammer,Clarence C. Strong,1968-01-01,Dave Dollar Logging Company log branding hammer. Dave Dollar logging Company logged the Marble Creek and Coeur d'Alene river from 1910-1925.,"Kootenai County, Idaho, United States",log (wood); brands (tools); hammers (tools);,47.6746,-116.7,Image;StillImage,image/jpg,,230
James D. Miller,,1920-01-01,"James D. Miller, 1869-1946, Miller Shingle Mill operator of St. Maries, and 2 grandsons (potentially James and Jerry Miller). Courtesy of Glen Miller, St. Maries, Idaho.","Kootenai County, Idaho, United States",group portraits; children;,47.6746,-116.7,Image;StillImage,image/jpg,,231
Herman Laumeister Shingle Mill,,1913-01-01,"Herman Laumeister Shingle Mill, Harrison, Idaho. Courtesy of Mrs. Frank K. Hildebrand, Harrison, Idaho.","Harrison, Kootenai County, Idaho, United States",sawmills; railroad (infrastructure); utility poles;,47.4542,-116.7856,Image;StillImage,image/jpg,,232
Day Crew,,1915-01-01,"Day crew at Stine Lumber & Shingle Company, St. Maries, Idaho. Manufactured only shingles. James (Jim) D. Miller, owner and manager, bareheaded in the back row. [same unintelligible word] operated many years. Courtesy of Glen Miller, his son.","Saint Maries, Benewah County, Idaho, United States",group portraits; directors (administrators); proprietors; lumbermen; blue collar workers; shingle;,47.3144,-116.5624,Image;StillImage,image/jpg,,233
Sam Avery,,1900-01-01,"Sam Avery, old time shingle mill operator at Harrison, Idaho from the 1890's-1915. Courtesy of his grandson Sam Avery Kingston, Idaho.","Harrison, Kootenai County, Idaho, United States",portraits; proprietors; directors (administrators);,47.4542,-116.7856,Image;StillImage,image/jpg,,234
Stine Lumber and Shingle Company Sawmill,,1914-01-01,"Stine Lumber & Shingle Company, St. Maries, Idaho. Side of boxcars reads: ' Chicago, Milwaukee, and St. Paul'. Courtesy of Glen Miller, St. Maries, Idaho.","Saint Maries, Benewah County, Idaho, United States",sawmills; railroad (infrastructure); freight cars; boxcars;,47.3144,-116.5624,Image;StillImage,image/jpg,,236
Herman Laumeister,,1915-01-01,"Herman Laumeister, on of the principal shingle and lumber mill operators (shingle mills at Harrison and Coeur d'Alene and a sawmill near Murray, Idaho during the period 1893-1930. Courtesy of his daughter Mrs. Frank Hildebrand Harrison, Idaho.","Harrison, Kootenai County, Idaho, United States",portraits; proprietors; directors (administrators);,47.4542,-116.7856,Image;StillImage,image/jpg,,237
Tugboat 'Hercules',Neil Fullerton,1942-06-06,"Tugboat 'Hercules' towing logs down the St. Maries River under the new bridge, St. Maries, Idaho.","Saint Maries River, Benewah County, Idaho, United States",tugboats; rivers; log (wood); bridges (built works); houseboats;,47.3169,-116.5548,Image;StillImage,image/jpg,,238
Tugboat Towing Logs,,1955-01-01,"Brails of logs being towed on Coeur d'Alene River near Dudley, Idaho. Taken in August.","Dudley, Kootenai County, Idaho, United States",tugboats; rivers; log (wood);,47.5419,-116.4234,Image;StillImage,image/jpg,,239
Tugboat 'Coeur d'Alene',,1941-05-08,"Tugboat 'Coeur d'Alene' towing brails of logs on St. Joe River towards Coeur d'Alene Lake. Above St. Maries, Idaho.","Cottonwood Point, Benewah County, Idaho, United States",tugboats; rivers; log (wood);,47.3317,-116.6177,Image;StillImage,image/jpg,,241
Log Jam,,1938-04-18,"Log jam near drawbridge, St. Maries, Idaho.","Saint Maries River, Benewah County, Idaho, United States",log (wood); rivers;,47.3168,-116.5548,Image;StillImage,image/jpg,,242
Landing in St. Joe River,Neil Fullerton,1938-08-24,Unloading logs into St. Joe River at the Snooks Logging Camp.,"Canyon Creek, Shoshone County, Idaho, United States",log (wood); rivers;,47.2424,-116.0233,Image;StillImage,image/jpg,,243
Deck of Logs,,,Large pile of logs.,"Kootenai County, Idaho, United States",log (wood);,47.6746,-116.7,Image;StillImage,image/jpg,,244
Beaver Creek Flume,A.B. Curtis,,"Beaver Creek flume of Potlatch Forests, Incorporated.","Beaver Creek, Benewah County, Idaho, United States",flumes; log (wood);,47.1804,-116.4611,Image;StillImage,image/jpg,,245
Tugboat Towing Logs,,1939-01-01,"Tugboat towing brails of logs on St. Joe River, St. Maries, Idaho. Taken in Spring. Note log driver walking on logs.","Saint Maries, Benewah County, Idaho, United States",tugboats; rivers; log (wood);,47.3144,-116.5624,Image;StillImage,image/jpg,,247
Crane Loading Logs,,1941-07-18,"Crane loading Potlatch Forests, Incorporated logs from Stony Creek onto truck at the Merry Creek Landing, Clarkia, Idaho.","Merry Creek, Shoshone County, Idaho, United States",log (wood); trucks; railroad (infrastructure); flatcars; freight cars; cranes (equipment);,47.0115,-116.2527,Image;StillImage,image/jpg,,248
Scaling Logs,,1941-07-18,"Potlatch Forests, Incorporated logs being scaled before being loaded onto a truck. The scaler (man on left) is Ralph Todd. Merry Creek Landing, Clarkia, Idaho.","Merry Creek, Shoshone County, Idaho, United States",log (wood); blue collar workers; trucks; log rules;,47.0115,-116.2527,Image;StillImage,image/jpg,,249
Flatcar and Truck Loaded with Logs,,1941-07-18,"Potlatch Forests, Incorporated logs from Stony Creek, Merry Creek Landing, Clarkia, Idaho.","Merry Creek, Shoshone County, Idaho, United States",log (wood); railroad (infrastructure); flatcars; freight cars; trucks; cranes (equipment);,47.0115,-116.2527,Image;StillImage,image/jpg,,250
Flatcars Loaded with Logs,,1942-06-07,"Log train loaded with yellow pine, St. Maries, Idaho. Building in background reads: 'George O'Dwyer feed' Mr. O'Dwyer was the founder of a feed, grain, and building material business in St. Maries, Idaho.","Saint Maries, Benewah County, Idaho, United States","log (wood); yellow pine (wood, general); flatcars; freight cars; railroad (infrastructure);",47.3144,-116.5624,Image;StillImage,image/jpg,,251
Sleigh Loaded with Logs,,,"Sleigh loaded with logs, stacked logs in background.","Kootenai County, Idaho, United States",log (wood); snow; winter; blue collar workers;,47.6746,-116.7,Image;StillImage,image/jpg,,252
Pack String,,1928-01-01,Winton Lumber Company Pack string owned by Kirtley and Stone. Falls Creek. Credit Dick Reed. Heading to either camp #2 or #3.,"Falls Creek, Shoshone County, Idaho, United States",mules (mammals); hay;,47.7461,-116.0209,Image;StillImage,image/jpg,,253
Falls Creek Chute Landing and Flume,,1925-01-01,"Winton Lumber Company Falls Creek chute landing (chute left of log deck, out of picture). Peavy man tailing logs into flume. Credit Dick Reed.","Falls Creek, Shoshone County, Idaho, United States",log (wood); flumes; blue collar workers; peavies;,47.7461,-116.0209,Image;StillImage,image/jpg,,254
Falls Creek Chute Landing and Flume,,1925-01-01,"Winton Lumber Company Falls Creek chute landing (chute left of log deck, out of picture). Peavy man tailing logs into flume. Credit Dick Reed.","Falls Creek, Shoshone County, Idaho, United States",log (wood); flumes; blue collar workers; peavies;,47.7461,-116.0209,Image;StillImage,image/jpg,,255
Winton Lumber Company Flume,,1925-01-01,"Rearing' a flume, Falls Creek. Feeder flume under construction on left. Credit Dick Reed.","Falls Creek, Shoshone County, Idaho, United States",log (wood); flumes; blue collar workers;,47.7461,-116.0209,Image;StillImage,image/jpg,,256
Winton Lumber Company Flume,,1925-01-01,Water flowing and logs being separated in the Falls Creek flume. Feeder flume under construction on left. Credit Dick Reed.,"Falls Creek, Shoshone County, Idaho, United States",log (wood); flumes; blue collar workers;,47.7461,-116.0209,Image;StillImage,image/jpg,,258
Falls Creek Chute Landing and Log Deck,,1925-01-01,"Falls Creek chute landing. Tow path right, foreground. Path made of logs and puncheon smoothed with foot adz. Straight line in the center of the path is probably a decking line to enable the logs to be decked by a cross haul arrangement. Small 'cats' (tractors) used to tow logs. About the first use of cats for this purpose. Note that the chute (last two logs on left) has been laid almost flat as was usual when logs were going to be decked at the landing. This made it easier for the peavey man to roll the logs onto the deck. Chute went to the last deck in the background on the left. Credit Dick Reed.","Falls Creek, Shoshone County, Idaho, United States",log (wood); chutes; blue collar workers; peavies;,47.7461,-116.0209,Image;StillImage,image/jpg,,259
Falls Creek Chute,,1925-01-01,"Winton Lumber Company running chute, Falls Creek. 'goose necks' were used on this chute to 'slow down' the running logs. Credit Dick Reed.","Falls Creek, Shoshone County, Idaho, United States",log (wood); chutes; dogs (devices for wood);,47.7461,-116.0209,Image;StillImage,image/jpg,,260
Benewah Creek Flume,Clarence C. Strong,1968-01-01,Benewah Creek Flume. Built by Fred Herrick in 1915-16.,"Benewah Creek, Benewah County, Idaho, United States",flumes;,47.2505,-116.7644,Image;StillImage,image/jpg,,261
Sleigh Loaded with Logs,,,"Sleigh loaded with logs, stacked logs in background.","Kootenai County, Idaho, United States",log (wood); draft horses; snow; winter; blue collar workers;,47.6746,-116.7,Image;StillImage,image/jpg,,262
